<grammar version="1.0" xml:lang="fr-FR" mode="voice" root="rulervieraremote" xmlns="http://www.w3.org/2001/06/grammar" tag-format="semantics/1.0">
  <rule id="rulervieraremote" scope="public">
  <example>Sarah allume la télé</example>
  <tag>out.action=new Object(); </tag>
  <item>Sarah</item>
    
    <one-of>

      <!-- Orders => Keys -->
      <!--item>Allume la télé                   <tag>out.action.key="NRC_POWER-ONOFF"    ;out.action.ttsAction="la télé est allumée";             </tag></item-->
      <item>éteint la télé                   <tag>out.action.key="NRC_POWER-ONOFF"     ;out.action.ttsAction="la télé est éteinte";                 </tag></item>

      <!-- Menu's Screens  -->
      <item>Affiche les infos                <tag>out.action.key="NRC_INFO-ONOFF"      ;out.action.ttsAction="les infos sont affichées";            </tag></item>
      <item>Affiche le guide des programmes  <tag>out.action.key="NRC_EPG-ONOFF"       ;out.action.ttsAction="le guide des programmes est affiché"; </tag></item>
      <item>Affiche l'E P G                  <tag>out.action.key="NRC_EPG-ONOFF"       ;out.action.ttsAction="l'E P G est affiché";                 </tag></item>
      <item>Affiche les réglages             <tag>out.action.key="NRC_MENU-ONOFF"      ;out.action.ttsAction="Les réglages sont affichés";          </tag></item>
      <item>Affiche le sous menu             <tag>out.action.key="NRC_SUBMENU-ONOFF"   ;out.action.ttsAction="Le sous menu est affiché";            </tag></item>
      <item>Affiche les entrées A V          <tag>out.action.key="NRC_CHG_INPUT-ONOFF" ;out.action.ttsAction="Sélectionner une entrée";             </tag></item>
      <item>Affiche les tailles d'écran      <tag>out.action.key="NRC_DISP_MODE-ONOFF" ;out.action.ttsAction="Sélectionner une taille d'écran";     </tag></item>
      <item>Affiche les modes                <tag>out.action.key="NRC_3D-ONOFF";       ;out.action.ttsAction="Les modes sont affichés";             </tag></item>
      <item>Affiche les médias               <tag>out.action.key="NRC_SD_CARD-ONOFF"   ;out.action.ttsAction="Les médias sont affichés";            </tag></item>
      <item>Affiche viera                    <tag>out.action.key="NRC_VIERA_LINK-ONOFF";out.action.ttsAction="Sélectionner une entrée";             </tag></item>
      <item>Affiche les sous titres          <tag>out.action.key="NRC_STTL-ONOFF"      ;out.action.ttsAction="Sous titres basculés";                </tag></item>
      <item>Affiche le télétexte             <tag>out.action.key="NRC_TEXT-ONOFF"      ;out.action.ttsAction="Télétexte basculés";                  </tag></item>
      
      <!-- Vols (just toggles !!!) -->
      <item>Coupe le son de la télé          <tag>out.action.key="NRC_MUTE-ONOFF"      ;out.action.ttsAction="Le son est coupé";                    </tag></item>
      <item>Remet le son de la télé          <tag>out.action.key="NRC_MUTE-ONOFF"      ;out.action.ttsAction="Le son est remis";                    </tag></item>
      <item>Baisse le volume de la télé      <tag>out.action.key="NRC_VOLDOWN-ONOFF"  ;out.action.ttsAction="Le volume est baissé";                </tag></item>
      <item>Baisse le son de la télé         <tag>out.action.key="NRC_VOLDOWN-ONOFF"  ;out.action.ttsAction="Le son est baissé";                   </tag></item>
      <item>Monte le volume de la télé       <tag>out.action.key="NRC_VOLUP-ONOFF"    ;out.action.ttsAction="le volume est monté";                 </tag></item>
      <item>Monte le son de la télé          <tag>out.action.key="NRC_VOLUP-ONOFF"    ;out.action.ttsAction="le son est monté";                    </tag></item>

      <!-- Vols (with ON then OFF) -->
      <!-- WARNING : Don t forget  the Stop command !!!! -->
      <item>Monte fort le son de la télé     <tag>out.action.key="NRC_VOLUP-ON"       ;out.action.ttsAction="Je monte le son";                     </tag></item>
      <item>Stoppe monte                     <tag>out.action.key="NRC_VOLUP-OFF"      ;out.action.ttsAction="Je stoppe la hausse du volume";       </tag></item>
      <item>Baisse fort le son de la télé    <tag>out.action.key="NRC_VOLDOWN-ON"     ;out.action.ttsAction="Je baisse le volume";                 </tag></item>
      <item>Stop baisse                      <tag>out.action.key="NRC_VOLDOWN-OFF"    ;out.action.ttsAction="Je stoppe la baisse du volume";       </tag></item>
      
      <!-- To be controled !!! -->
      <item>Affiche l'index                  <tag>out.action.key="NRC_INDEX-ONOFF"    ;out.action.ttsAction="l'index est affiché";                 </tag></item>
      <item>Affiche internet                 <tag>out.action.key="NRC_INTERNET-ONOFF" ;out.action.ttsAction="Internet est affiché";                </tag></item>
      
      <!-- TV Channels -->
      <item>Met la une                       <tag>out.action.key="NRC_D1-ONOFF"       ;out.action.ttsAction="La chaîne une est affichée";           </tag></item>
      <item>Met T F un                       <tag>out.action.key="NRC_D1-ONOFF"       ;out.action.ttsAction="T F un est affichée";                  </tag></item>
      <item>Met la deux                      <tag>out.action.key="NRC_D2-ONOFF"       ;out.action.ttsAction="La chaîne deux est affichée";          </tag></item>
      <item>Met France deux                  <tag>out.action.key="NRC_D2-ONOFF"       ;out.action.ttsAction="France deux est affichée";             </tag></item>
      <item>Met la trois                     <tag>out.action.key="NRC_D3-ONOFF"       ;out.action.ttsAction="La chaîne trois est affichée";         </tag></item>
      <item>Met France trois                 <tag>out.action.key="NRC_D3-ONOFF"       ;out.action.ttsAction="France trois est affichée";            </tag></item>
      <item>Met la quatre                    <tag>out.action.key="NRC_D4-ONOFF"       ;out.action.ttsAction="La chaîne une est affichée";           </tag></item>
      <item>Met canal plus                   <tag>out.action.key="NRC_D4-ONOFF"       ;out.action.ttsAction="La chaîne quatre est affichée";        </tag></item>
      <item>Met la cinq                      <tag>out.action.key="NRC_D5-ONOFF"       ;out.action.ttsAction="La chaîne cinq est affichée";          </tag></item>
      <item>Met France 5                     <tag>out.action.key="NRC_D5-ONOFF"       ;out.action.ttsAction="La chaîne France 5 est affichée";      </tag></item>
      <item>Met la six                       <tag>out.action.key="NRC_D6-ONOFF"       ;out.action.ttsAction="La chaîne six est affichée";           </tag></item>
      <item>Met la sept                      <tag>out.action.key="NRC_D7-ONOFF"       ;out.action.ttsAction="La chaîne sept est affichée";          </tag></item>
      <item>Met arte                         <tag>out.action.key="NRC_D7-ONOFF"       ;out.action.ttsAction="La chaîne arte est affichée";          </tag></item>
      <item>Met la huit                      <tag>out.action.key="NRC_D8-ONOFF"       ;out.action.ttsAction="La chaîne huit est affichée";          </tag></item>
      <item>Met D 8                          <tag>out.action.key="NRC_D8-ONOFF"       ;out.action.ttsAction="La chaîne D 8 est affichée";           </tag></item>
      <item>Met la neuf                      <tag>out.action.key="NRC_D9-ONOFF"       ;out.action.ttsAction="La chaîne neuf est affichée";          </tag></item>
      <item>Met W 9                          <tag>out.action.key="NRC_D9-ONOFF"       ;out.action.ttsAction="La chaîne W 9 est affichée";           </tag></item>
      <item>Met la chaine suivante           <tag>out.action.key="NRC_CH_UP-ONOFF"    ;out.action.ttsAction="La chaîne suivante est affichée";      </tag></item>
      <item>Met la chaine d'aprés            <tag>out.action.key="NRC_CH_UP-ONOFF"    ;out.action.ttsAction="La chaîne suivante est affichée";      </tag></item>
      <item>Met la chaine précedante         <tag>out.action.key="NRC_CH_DOWN-ONOFF"  ;out.action.ttsAction="La chaîne précedante est affichée";    </tag></item>
      <item>Met la chaine d'avant            <tag>out.action.key="NRC_CH_DOWN-ONOFF"  ;out.action.ttsAction="La chaîne précedante est affichée";    </tag></item>
      <item>Entrée suivante                  <tag>out.action.key="NRC_TV-ONOFF"       ;out.action.ttsAction="L'entrée suivante est sélectionnée";   </tag></item>

      <!-- Toggles -->
      <item>touche zéro                      <tag>out.action.key="NRC_D0-ONOFF"       ;out.action.ttsAction="zéro";                                 </tag></item>
      <item>touche un                        <tag>out.action.key="NRC_D1-ONOFF"       ;out.action.ttsAction="un";                                   </tag></item>
      <item>touche deux                      <tag>out.action.key="NRC_D2-ONOFF"       ;out.action.ttsAction="deux";                                 </tag></item>
      <item>touche trois                     <tag>out.action.key="NRC_D3-ONOFF"       ;out.action.ttsAction="trois";                                </tag></item>
      <item>touche quatre                    <tag>out.action.key="NRC_D4-ONOFF"       ;out.action.ttsAction="quatre";                               </tag></item>
      <item>touche cinq                      <tag>out.action.key="NRC_D5-ONOFF"       ;out.action.ttsAction="cinq";                                 </tag></item>
      <item>touche six                       <tag>out.action.key="NRC_D6-ONOFF"       ;out.action.ttsAction="six";                                  </tag></item>
      <item>touche sept                      <tag>out.action.key="NRC_D7-ONOFF"       ;out.action.ttsAction="sept";                                 </tag></item>
      <item>touche huit                      <tag>out.action.key="NRC_D8-ONOFF"       ;out.action.ttsAction="huit";                                 </tag></item>
      <item>touche neuf                      <tag>out.action.key="NRC_D9-ONOFF"       ;out.action.ttsAction="neuf";                                 </tag></item>
      <item>touche rouge                     <tag>out.action.key="NRC_RED-ONOFF"      ;out.action.ttsAction="touche rouge";                         </tag></item>
      <item>touche verte                     <tag>out.action.key="NRC_GREEN-ONOFF"    ;out.action.ttsAction="touche verte";                         </tag></item>
      <item>touche jaune                     <tag>out.action.key="NRC_YELLOW-ONOFF"   ;out.action.ttsAction="touche jaune";                         </tag></item>
      <item>touche bleue                     <tag>out.action.key="NRC_BLUE-ONOFF"     ;out.action.ttsAction="touche bleue";                         </tag></item>
      <item>touche retour                    <tag>out.action.key="NRC_RETURN-ONOFF"   ;out.action.ttsAction="touche retour";                        </tag></item>
      <item>touche entrée                    <tag>out.action.key="NRC_ENTER-ONOFF"    ;out.action.ttsAction="touche entrée";                        </tag></item>
      <item>touche droite                    <tag>out.action.key="NRC_RIGHT-ONOFF"    ;out.action.ttsAction="touche droite";                        </tag></item>
      <item>touche gauche                    <tag>out.action.key="NRC_LEFT-ONOFF"     ;out.action.ttsAction="touche gauche";                        </tag></item>
      <item>touche haut                      <tag>out.action.key="NRC_UP-ONOFF"       ;out.action.ttsAction="touche haut";                          </tag></item>
      <item>touche bas                       <tag>out.action.key="NRC_DOWN-ONOFF"     ;out.action.ttsAction="touche bas";                           </tag></item>
      <item>touche retour                    <tag>out.action.key="NRC_RETURN-ONOFF"   ;out.action.ttsAction="touche retour";                        </tag></item>
      <item>touche annuler                   <tag>out.action.key="NRC_CANCEL-ONOFF"   ;out.action.ttsAction="touche annuler";                       </tag></item>

      <!-- Player toggles  -->
      <item>touche arrière                   <tag>out.action.key="NRC_REW-ONOFF"      ;out.action.ttsAction="touche arrière";                       </tag></item>
      <item>touche avance                    <tag>out.action.key="NRC_PLAY-ONOFF"     ;out.action.ttsAction="touche avance";                        </tag></item>
      <item>touche avance rapide             <tag>out.action.key="NRC_FF-ONOFF"       ;out.action.ttsAction="touche avance rapide";                 </tag></item>
      <item>touche avance rapide on          <tag>out.action.key="NRC_FF-ON"          ;out.action.ttsAction="touche avance rapide";                 </tag></item>
      <item>touche avance rapide off         <tag>out.action.key="NRC_FF-OFF"         ;out.action.ttsAction="touche avance rapide";                 </tag></item>
      <item>touche précédant                 <tag>out.action.key="NRC_SKIP_PREV-ONOFF";out.action.ttsAction="touche annuler";                       </tag></item>
      <item>touche pause                     <tag>out.action.key="NRC_PAUSE-ONOFF"    ;out.action.ttsAction="touche pause";                         </tag></item>
      <item>touche suivant                   <tag>out.action.key="NRC_SKIP_NEXT-ONOFF";out.action.ttsAction="touche suivant";                       </tag></item>
      <item>touche stop                      <tag>out.action.key="NRC_STOP-ONOFF"     ;out.action.ttsAction="touche stop";                          </tag></item>
      <item>touche enregistrer               <tag>out.action.key="NRC_REC-ONOFF"      ;out.action.ttsAction="touche enregistrer";                   </tag></item>
      <item>touche info                      <tag>out.action.key="NRC_INFO-ONOFF"     ;out.action.ttsAction="touche info";                          </tag></item>

      <!-- Commands => Set's -->
      <!-- Vols -->     
      <item>met le son de la télé a dix      <tag>out.action.key="SetVolume" ;out.action.volume=10 ;out.action.ttsAction="le volume est a 10";      </tag></item>
      <item>met le son de la télé a vingt    <tag>out.action.key="SetVolume" ;out.action.volume=20 ;out.action.ttsAction="le volume est a 20";      </tag></item>
      <item>met le son de la télé a trente   <tag>out.action.key="SetVolume" ;out.action.volume=30 ;out.action.ttsAction="le volume est a 30";      </tag></item>
      <item>met le son de la télé a quarante <tag>out.action.key="SetVolume" ;out.action.volume=20 ;out.action.ttsAction="le volume est a 40";      </tag></item>
      <item>met le son de la télé a cinquante<tag>out.action.key="SetVolume" ;out.action.volume=20 ;out.action.ttsAction="le volume est a 50";      </tag></item>
      <item>met le son de la télé a soixante <tag>out.action.key="SetVolume" ;out.action.volume=20 ;out.action.ttsAction="le volume est a 60";      </tag></item>
      <item>met le son de la télé a 70       <tag>out.action.key="SetVolume" ;out.action.volume=20 ;out.action.ttsAction="le volume est a 70";      </tag></item>
      <item>met le son de la télé a 80       <tag>out.action.key="SetVolume" ;out.action.volume=20 ;out.action.ttsAction="le volume est a 80";      </tag></item>
      <item>met le son de la télé a 90       <tag>out.action.key="SetVolume" ;out.action.volume=20 ;out.action.ttsAction="le volume est a 90";      </tag></item>
      <item>met le son de la télé a 100      <tag>out.action.key="SetVolume" ;out.action.volume=20 ;out.action.ttsAction="le volume est a cent";    </tag></item>

      <!-- Commands => Get's -->
      <!-- Returns -->
      <item>quel est le volume de la télé    <tag>out.action.key="GetVolume" ; out.action.ttsAction="Le volume actuel est de";                      </tag></item>

      <!-- Multi-Commands => Keys -->
      <!-- Multi-digit TV Channels -->
      <item>Met la 10              <tag>out.action.key="NRC_D1-ONOFF,NRC_D0-ONOFF" ;out.action.ttsAction="La chaîne dix est affichée";              </tag></item>
      <item>Met T M C              <tag>out.action.key="NRC_D1-ONOFF,NRC_D0-ONOFF" ;out.action.ttsAction="T M C est affichée";                      </tag></item>
      <item>Met la onze            <tag>out.action.key="NRC_D1-ONOFF,NRC_D1-ONOFF" ;out.action.ttsAction="La chaîne onze est affichée";             </tag></item>
      <item>Met N T 1              <tag>out.action.key="NRC_D1-ONOFF,NRC_D1-ONOFF" ;out.action.ttsAction="N T 1 est affichée";                      </tag></item>
      <item>Met la douze           <tag>out.action.key="NRC_D1-ONOFF,NRC_D2-ONOFF" ;out.action.ttsAction="La chaîne douze est affichée";            </tag></item>
      <item>Met N R J 12           <tag>out.action.key="NRC_D1-ONOFF,NRC_D2-ONOFF" ;out.action.ttsAction="N R J 12 est affichée";                   </tag></item>
      <item>Met la 13              <tag>out.action.key="NRC_D1-ONOFF,NRC_D3-ONOFF" ;out.action.ttsAction="La chaîne treize est affichée";           </tag></item>
      <item>Met L C P              <tag>out.action.key="NRC_D1-ONOFF,NRC_D3-ONOFF" ;out.action.ttsAction="L C P est affichée";                      </tag></item>
      <item>Met la quatorze        <tag>out.action.key="NRC_D1-ONOFF,NRC_D4-ONOFF" ;out.action.ttsAction="La chaîne quatorze est affichée";         </tag></item>
      <item>Met France 4           <tag>out.action.key="NRC_D1-ONOFF,NRC_D4-ONOFF" ;out.action.ttsAction="France 4 est affichée";                   </tag></item>
      <item>Met la quinze          <tag>out.action.key="NRC_D1-ONOFF,NRC_D5-ONOFF" ;out.action.ttsAction="La chaîne Quinze est affichée";           </tag></item>
      <item>Met B F M              <tag>out.action.key="NRC_D1-ONOFF,NRC_D5-ONOFF" ;out.action.ttsAction="B F M T V est affichée";                  </tag></item>
      <item>Met la 16              <tag>out.action.key="NRC_D1-ONOFF,NRC_D6-ONOFF" ;out.action.ttsAction="La chaîne seize est affichée";            </tag></item>
      <item>Met I télé             <tag>out.action.key="NRC_D1-ONOFF,NRC_D6-ONOFF" ;out.action.ttsAction="I télé est affichée";                     </tag></item>
      <item>Met la 17              <tag>out.action.key="NRC_D1-ONOFF,NRC_D7-ONOFF" ;out.action.ttsAction="La chaîne 17 est affichée";               </tag></item>
      <item>Met D 17               <tag>out.action.key="NRC_D1-ONOFF,NRC_D7-ONOFF" ;out.action.ttsAction="D 17 est affichée";                       </tag></item>
      <item>Met la 18              <tag>out.action.key="NRC_D1-ONOFF,NRC_D8-ONOFF" ;out.action.ttsAction="La chaîne 18 est affichée";               </tag></item>
      <item>Met Guli               <tag>out.action.key="NRC_D1-ONOFF,NRC_D8-ONOFF" ;out.action.ttsAction="Guli est affichée";                       </tag></item>
      <item>Met la 19              <tag>out.action.key="NRC_D1-ONOFF,NRC_D9-ONOFF" ;out.action.ttsAction="La chaîne 19 est affichée";               </tag></item>
      <item>Met France O           <tag>out.action.key="NRC_D1-ONOFF,NRC_D9-ONOFF" ;out.action.ttsAction="France O est affichée";                   </tag></item>
      <item>Met la vingt           <tag>out.action.key="NRC_D2-ONOFF,NRC_D0-ONOFF" ;out.action.ttsAction="La chaîne 20 est affichée";               </tag></item>
      <item>Met H D 1              <tag>out.action.key="NRC_D2-ONOFF,NRC_D0-ONOFF" ;out.action.ttsAction="H D 1 est affichée";                      </tag></item>
      <item>Met la vingt et un     <tag>out.action.key="NRC_D2-ONOFF,NRC_D1-ONOFF" ;out.action.ttsAction="La chaîne 21 est affichée";               </tag></item>
      <item>Met l'équipe 21        <tag>out.action.key="NRC_D2-ONOFF,NRC_D1-ONOFF" ;out.action.ttsAction="L'équipe 21 est affichée";                </tag></item>
      <item>Met la 22              <tag>out.action.key="NRC_D2-ONOFF,NRC_D2-ONOFF" ;out.action.ttsAction="La chaîne vingt deux est affichée";       </tag></item>
      <item>Met 6 ter              <tag>out.action.key="NRC_D2-ONOFF,NRC_D2-ONOFF" ;out.action.ttsAction="6 ter est affichée";                      </tag></item>
      <item>Met la 23              <tag>out.action.key="NRC_D2-ONOFF,NRC_D3-ONOFF" ;out.action.ttsAction="La chaîne vingt trois est affichée";      </tag></item>
      <item>Met la vingt quatre    <tag>out.action.key="NRC_D2-ONOFF,NRC_D4-ONOFF" ;out.action.ttsAction="La chaîne vingt quatre est affichée";     </tag></item>
      <item>Met R M C              <tag>out.action.key="NRC_D2-ONOFF,NRC_D4-ONOFF" ;out.action.ttsAction="R M C est affichée";                      </tag></item>
      <item>Met la vingt cinq      <tag>out.action.key="NRC_D2-ONOFF,NRC_D5-ONOFF" ;out.action.ttsAction="La chaîne vingt cinq est affichée";       </tag></item>
      <item>Met chérie 25          <tag>out.action.key="NRC_D2-ONOFF,NRC_D5-ONOFF" ;out.action.ttsAction="La chérie 25 est affichée";               </tag></item>
      <item>Met la cinquante et un <tag>out.action.key="NRC_D5-ONOFF,NRC_D1-ONOFF" ;out.action.ttsAction="La chaîne 51 est affichée";               </tag></item>

      <!-- Want More ? -->
      <item>Met la 103             <tag>out.action.key="NRC_D1-ONOFF,NRC_D0-ONOFF,NRC_D3-ONOFF" ;out.action.ttsAction="La chaine 103 est affichée"  </tag></item>

      <!-- Multi-Commands => NRC commands ONLY !!! -->
      <!-- Scenes -->
      <!-- EN COURS DE TEST -->
      <item>Exemple multimédia
            <tag>out.action.key="NRC_CHG_INPUT-ON,NRC_ENTER-ON,NRC_VIERA_LINK-ON,NRC_ENTER-ON,NRC_LEFT-ON,NRC_DOWN-ON,NRC_ENTER-ON" ;out.action.ttsAction="Exemple multimédia exéctuté";
            </tag>
      </item>

    </one-of>

    <tag>out.action._attributes.uri="http://127.0.0.1:8080/sarah/vieraremote";</tag>
  </rule>
</grammar>
